{
  "anim_duration": 0.5,
  "cameras": [
    {
      "ctr": [
        0.2946585416793823,
        5.122376441955566,
        -0.2732427418231964
      ],
      "eye": [
        -0.16349312663078308,
        4.856705665588379,
        0.47881484031677246
      ],
      "fov": 60.0,
      "up": [
        0.0,
        1.0,
        0.0
      ]
    }
  ],
  "mode": 0,
  "speed": 3.0
}
